|2019-03-03 15:39:52.297773| 1
|2019-03-03 15:39:52.297773| 2
|2019-03-03 15:39:52.297773| 3
|2019-03-03 15:39:52.297773| 4
|2019-03-03 15:39:52.297773| 5
|2019-03-03 15:39:52.297773| 6
|2019-03-03 15:39:52.297773| 7
|2019-03-03 15:39:52.297773| 8
|2019-03-03 15:39:52.297773| 9
|2019-03-03 15:39:52.297773| 10
|2019-03-03 15:39:52.300793| 101
|2019-03-03 15:39:52.300793| 102
|2019-03-03 15:39:52.300793| 103
|2019-03-03 15:39:52.300793| 104
|2019-03-03 15:39:52.300793| 105
|2019-03-03 15:39:52.300793| 106
|2019-03-03 15:39:52.300793| 107
|2019-03-03 15:39:52.300793| 108
|2019-03-03 15:39:52.300793| 109
|2019-03-03 15:39:52.300793| 110
