|2019-03-01 22:14:22.417429| 1
|2019-03-01 22:14:22.417429| 2
|2019-03-01 22:14:22.417429| 3
|2019-03-01 22:14:22.417429| 4
|2019-03-01 22:14:22.417429| 5
|2019-03-01 22:14:22.417429| 6
|2019-03-01 22:14:22.417429| 7
|2019-03-01 22:14:22.417429| 8
|2019-03-01 22:14:22.417429| 9
|2019-03-01 22:14:22.417429| 10
|2019-03-01 22:14:22.418375| 101
|2019-03-01 22:14:22.418375| 102
|2019-03-01 22:14:22.418375| 103
|2019-03-01 22:14:22.418375| 104
|2019-03-01 22:14:22.418375| 105
|2019-03-01 22:14:22.418375| 106
|2019-03-01 22:14:22.418375| 107
|2019-03-01 22:14:22.418375| 108
|2019-03-01 22:14:22.418375| 109
|2019-03-01 22:14:22.418375| 110
